evalnum,startTime,endTime,cost,x,key,status,start_time,end_time
0,1535096466,1535096467,1.0,['#pragma unroll'],00000.dat,0,0.001565694808959961,0.1340937614440918
1,1535096467,1535096467,0.0,['#pragma clang loop id(myloop)'],00001.dat,0,0.1343538761138916,0.26057982444763184
2,1535096467,1535096467,0.0,['#pragma nounroll'],00002.dat,0,0.26075100898742676,0.38850879669189453
3,1535096467,1535096467,0.0,['#pragma nounroll'],00003.dat,0,0.3886854648590088,0.5159151554107666
4,1535096467,1535096467,0.0,['#pragma unroll'],00004.dat,0,0.5160849094390869,0.6419284343719482
